source,title,price,currency,location,make,model,year,mileage,description,image_url,url,scraped_at
avito,Audi Q5 2013 D 2017 - 205 000 DH - Voitures d'occasion à vendre à Tétouan,2013,MAD,,,,2013,,"Je mets en vente ma voiture très bonne état modèle 2013 dédouane en 2027
Jamais accidenté,",https://content.avito.ma/classifieds/images/10140587569?t=images,https://www.avito.ma/fr/wilaya/voitures_d_occasion/Audi_Q5_2013_D_2017_57078008.htm,2026-10-08T10:59:45+00:00
avito,Hyundai Tucson - 258 000 DH - Voitures d'occasion à vendre à Casablanca,200,MAD,,,,,71000 km,"Hyundai Tucson 2023 diesel avec 71000 km en vente.
La voiture a été expertisée suivant 100 points de contrôles. Le rapport d’expertise détaillé est disponible sur demande,
garantissant la qualité et ...",https://content.avito.ma/classifieds/images/10156058703?t=images,https://www.avito.ma/fr/autre_secteur/voitures_d_occasion/Hyundai_Tucson_58778628.htm,2026-10-08T10:59:48+00:00
avito,Mercedes-Benz Classe E 220 2017 | Voitures d'occasion à Casablanca,2202017,MAD,,,,2017,,"Bonjour je mets en vente une mercedes-benz classe 220 pack AMG LINE + importée neuve jamais accidenté est très propres options (jantes allu 20’,toit panoramique,caméra 360’,coffre électrique,distroni...",https://content.avito.ma/classifieds/images/10155299162?t=images,https://www.avito.ma/fr/californie/voitures_d_occasion/Mercedes_Benz_Classe_E_220_2017_58674658.htm,2026-10-08T10:59:50+00:00
avito,Hyundai Accent Essence Automatique 2024 - 190 000 DH - Voitures d'occasion à vendre à Casablanca,2024,MAD,,,,2024,41411 Km,"SIARACASH s'occupe de la vente d'une Hyundai Accent Essence Automatique 2024 première main bon état.

La voiture est expertisée suivant 150 points de contrôles et ne présente pas d'accident ou de blo...",https://content.avito.ma/classifieds/images/10156272722?t=images,https://www.avito.ma/fr/centre_ville/voitures_d_occasion/Hyundai_Accent_Essence_Automatique_2024_58805646.htm,2026-10-08T10:59:59+00:00
avito,Audi Q7 Diesel Automatique 2017 - 228 000 DH - Voitures d'occasion à vendre à Rabat,2017,MAD,,,,2017,170418 Km,"SIARACASH s'occupe de la vente d'une Audi Q7 Diesel Automatique 2017 première main bon état.

La voiture est expertisée suivant 150 points de contrôles et ne présente pas d'accident ou de blocage adm...",https://content.avito.ma/classifieds/images/10156265060?t=images,https://www.avito.ma/fr/hay_riad/voitures_d_occasion/Audi_Q7_Diesel_Automatique_2017_58807936.htm,2026-10-08T11:00:01+00:00
avito,Dacia Logan - 135 000 DH - Voitures d'occasion à vendre à Casablanca,200,MAD,,,,,0 km,"Dacia Logan

N'hésitez pas à nous contacter, merci.",https://content.avito.ma/classifieds/images/10156151542?t=images,https://www.avito.ma/fr/2_mars/voitures_d_occasion/Dacia_Logan_58331624.htm,2026-10-08T11:00:04+00:00
avito,Mercedes-Benz AMG C43 Essence Automatique 2023 | Voitures d'occasion à Casablanca,2023,MAD,,,,2023,40000 km,"Je vends une Mercedes-Benz Classe C43 Essence Automatique de 2023 en excellent état.
- Kilométrage : 40000 km
- Boîte de vitesses : Automatique
- Carburant : Essence
- Puissance fiscale : 11 CV
- Pre...",https://content.avito.ma/classifieds/images/10149851340?t=images,https://www.avito.ma/fr/val_fleuri/voitures_d_occasion/Mercedes_Benz_AMG_C43_Essence_Automatique_2023_58009369.htm,2026-10-08T11:00:07+00:00
avito,Dacia Sandero Essence Automatique 2022 - 139 000 DH - Voitures d'occasion à vendre à Casablanca,2022,MAD,,,,2022,,"Otoclic, la meilleure adresse d'achat et de vente de voitures et véhicules d'occasion, vous propose une voiture de première main en excellent état, mise en circulation en 2022, bien entretenue, affic...",https://content.avito.ma/classifieds/images/10153097658?t=images,https://www.avito.ma/fr/ain_sebaa/voitures_d_occasion/Dacia_Sandero_Essence_Automatique_2022_58401520.htm,2026-10-08T11:00:09+00:00
avito,Renault clio 5 mod 2022 | Voitures d'occasion à Rabat,2022,MAD,,,,2022,,Je mets ma voiture en vente pour plus d'informations contactez moi par téléphone.,https://content.avito.ma/classifieds/images/10149890771?t=images,https://www.avito.ma/fr/hay_el_fath/voitures_d_occasion/Renault_clio_5_mod_2022_58014072.htm,2026-10-08T11:00:12+00:00
avito,Ford mondeo Diesel faire reprise - 85 000 DH - Voitures d'occasion à vendre à Agadir,200,MAD,,,,,,Ford mondeo Diesel tt options mduel 2009 toit ouvrant jauant aluminium les airbages........ Possible faire reprise,https://content.avito.ma/classifieds/images/10143841434?t=images,https://www.avito.ma/fr/tilila/voitures_d_occasion/Ford_mondeo_Diesel_faire_reprise_57388880.htm,2026-10-08T11:00:15+00:00
avito,PORSCHE MACAN - 400 000 DH - Voitures d'occasion à vendre à Casablanca,200,MAD,,,,,,"À vendre chez AUTO REDA
PORSCHE MACAN – Excellent état

AUTO REDA vous propose une PORSCHE MACAN en très bon état, avec un service complet et soigné.

vidange gratuite, frais de dossier offerts et ch...",https://content.avito.ma/classifieds/images/10155239531?t=images,https://www.avito.ma/fr/maarif/voitures_d_occasion/PORSCHE_MACAN_56598758.htm,2026-10-08T11:00:19+00:00
avito,Nissan Juke - 179 000 DH - Voitures d'occasion à vendre à Casablanca,200,MAD,,,,,118000 km,"● Nissan Juke - 1.0 DIG-T 117 DCT Tekna - 118000 km - Année 2021 - Premier main 

● Véhicule en excellent état.

● La voiture a été expertisée suivant 100 points de contrôles.",https://content.avito.ma/classifieds/images/10155958423?t=images,https://www.avito.ma/fr/ain_sebaa/voitures_d_occasion/Nissan_Juke_58765362.htm,2026-10-08T11:00:22+00:00
avito,Range Rover Vogue SDV8 | Voitures d'occasion à Casablanca,200,MAD,,,,,279 999 km,"À vendre Range Rover Vogue SDV8 de 2014 en excellent état.
Entretenue maison SMEIA 
- Kilométrage :  279 999 km
- Marque : Land Rover
- Modèle : Range Rover Vogue
- Année-Modèle : 2014
- Puissance fi...",https://content.avito.ma/classifieds/images/10152490737?t=images,https://www.avito.ma/fr/val_fleuri/voitures_d_occasion/Range_Rover_Vogue_SDV8_58121099.htm,2026-10-08T11:00:26+00:00
avito,Audi Q3 2021 | Voitures d'occasion à Rabat,2021,MAD,,,,2021,,"Bonjour 
Bienvenue chez Auto Arfoud
Je mets en vente une voiture Audi Q3 2021
Tout option et très bon état 
Disponible à Salé Al Jadida",https://content.avito.ma/classifieds/images/10156238720?t=images,https://www.avito.ma/fr/autre_secteur/voitures_d_occasion/Audi_Q3_2021_49134971.htm,2026-10-08T11:00:29+00:00
avito,Mercedes-benz GLE pack AMG Line plus | Voitures d'occasion à Casablanca,200,MAD,,,,,0 km,"2017 dédouaner 2023
Facilité de paiement et possibilité de crédit (codifié avec tous les organismes de crédit du Maroc)

N'hésitez pas à nous contacter, merci.",https://content.avito.ma/classifieds/images/10155884157?t=images,https://www.avito.ma/fr/2_mars/voitures_d_occasion/Mercedes_benz_GLE_pack_AMG_Line_plus_57362451.htm,2026-10-08T11:00:32+00:00
